-- phpMyAdmin SQL Dump
-- version 4.5.1
-- http://www.phpmyadmin.net
--
-- Host: 127.0.0.1
-- Generation Time: Feb 08, 2019 at 10:19 AM
-- Server version: 10.1.13-MariaDB
-- PHP Version: 7.0.8

SET SQL_MODE = "NO_AUTO_VALUE_ON_ZERO";
SET time_zone = "+00:00";


/*!40101 SET @OLD_CHARACTER_SET_CLIENT=@@CHARACTER_SET_CLIENT */;
/*!40101 SET @OLD_CHARACTER_SET_RESULTS=@@CHARACTER_SET_RESULTS */;
/*!40101 SET @OLD_COLLATION_CONNECTION=@@COLLATION_CONNECTION */;
/*!40101 SET NAMES utf8mb4 */;

--
-- Database: `ypan`
--

-- --------------------------------------------------------

--
-- Table structure for table `admininfo`
--

CREATE TABLE `admininfo` (
  `id` int(11) NOT NULL,
  `email` varchar(100) NOT NULL,
  `username` varchar(100) NOT NULL,
  `password` varchar(100) NOT NULL
) ENGINE=InnoDB DEFAULT CHARSET=latin1;

-- --------------------------------------------------------

--
-- Table structure for table `balances`
--

CREATE TABLE `balances` (
  `id` int(11) NOT NULL,
  `dates` date NOT NULL,
  `membersavings` int(11) NOT NULL,
  `entrancefees` int(11) NOT NULL,
  `instalment` int(11) NOT NULL,
  `fines` int(11) NOT NULL,
  `shop` int(11) NOT NULL,
  `expendictures` int(11) NOT NULL,
  `loan` int(11) NOT NULL,
  `balance` int(11) NOT NULL,
  `comment` text NOT NULL
) ENGINE=InnoDB DEFAULT CHARSET=latin1;

--
-- Dumping data for table `balances`
--

INSERT INTO `balances` (`id`, `dates`, `membersavings`, `entrancefees`, `instalment`, `fines`, `shop`, `expendictures`, `loan`, `balance`, `comment`) VALUES
(1, '1997-12-07', 32800, 0, 0, 0, 0, 0, 0, 32802, '-'),
(2, '1997-12-09', 53100, 0, 0, 0, 0, 0, 0, 85900, '-'),
(3, '1997-12-16', 93700, 0, 0, 0, 0, 0, 0, 179600, '-'),
(4, '1997-12-23', 40000, 0, 0, 0, 0, 0, 0, 219700, '-'),
(5, '1997-12-30', 37000, 0, 0, 0, 0, 0, 0, 256700, '-'),
(6, '1998-01-06', 66200, 0, 0, 0, 0, 0, 0, 322900, '-'),
(7, '1998-01-13', 68200, 0, 0, 0, 0, 0, 0, 391100, '-'),
(8, '1998-01-20', 68700, 0, 0, 0, 0, 0, 0, 459800, '-'),
(9, '1998-01-21', 0, 0, 0, 0, 0, 0, 250000, 209800, 'Loan to Mr. Adelani Taofik'),
(10, '1998-01-27', 32000, 0, 0, 0, 0, 0, 0, 241900, '-'),
(11, '1998-01-28', 0, 0, 0, 0, 0, 0, 60000, 181900, 'Loan to Mr. Azeez Saliu'),
(12, '1998-02-03', 16100, 0, 0, 0, 0, 0, 0, 198000, '-'),
(13, '1998-02-10', 9300, 0, 6000, 0, 0, 0, 0, 213300, '-'),
(14, '1998-02-17', 2100, 0, 2500, 0, 0, 0, 0, 217900, '-'),
(15, '1998-02-24', 41300, 40000, 6000, 0, 0, 0, 0, 305200, '-'),
(16, '1998-03-03', 95300, 80000, 2500, 0, 0, 0, 0, 483000, '-'),
(17, '1998-03-04', 0, 0, 0, 0, 0, 0, 390000, 93000, 'Loan to Mr. Samuel Olatunji'),
(18, '1998-03-10', 52200, 0, 6000, 0, 0, 0, 0, 151200, '-'),
(19, '1998-03-17', 83300, 0, 2500, 0, 0, 0, 0, 237000, '-'),
(20, '1998-03-24', 32900, 0, 16500, 0, 0, 0, 0, 286400, '-'),
(21, '1998-03-31', 108000, 0, 2500, 0, 0, 0, 0, 396900, '-'),
(22, '1998-03-31', 15100, 0, 0, 0, 0, 0, 0, 412000, '-'),
(23, '1998-04-07', 62200, 0, 16000, 0, 0, 0, 0, 490200, '-'),
(24, '1997-12-23', 0, 0, 0, 0, 0, 0, 390000, 100200, 'Loan to Mr. David Ajadi'),
(25, '1998-04-14', 13500, 0, 2500, 0, 0, 0, 0, 116200, '-'),
(26, '1998-04-21', 2900, 0, 0, 0, 0, 0, 0, 119100, '-'),
(27, '1998-04-28', 9200, 0, 13000, 0, 0, 0, 0, 141300, '-'),
(28, '1998-05-05', 3500, 0, 16000, 0, 0, 0, 0, 160800, '-'),
(29, '1998-05-12', 40700, 0, 12500, 0, 0, 0, 0, 214000, '-'),
(30, '1998-05-19', 7750, 0, 16000, 0, 0, 0, 0, 237750, '-'),
(31, '1998-05-26', 3000, 0, 12500, 0, 0, 0, 0, 253250, '-'),
(32, '1998-06-02', 3200, 0, 16000, 0, 0, 0, 0, 272450, '-'),
(33, '1998-06-09', 17450, 0, 12500, 0, 0, 0, 0, 302400, '-'),
(34, '1998-06-16', 2750, 0, 16000, 0, 0, 0, 0, 321150, '-'),
(35, '1998-06-23', 2500, 0, 10000, 0, 0, 0, 0, 333650, '-'),
(36, '1998-06-30', 4000, 0, 16000, 0, 0, 0, 0, 353650, '-'),
(37, '1998-07-07', 0, 0, 0, 258, 0, 0, 0, 353908, '-'),
(38, '1998-07-07', 18600, 0, 12500, 0, 0, 0, 0, 385008, '-'),
(39, '1998-07-14', 27400, 0, 18500, 0, 0, 0, 0, 430908, '-'),
(40, '1998-07-14', 0, 0, 0, 0, 0, 0, 400000, 30908, 'Loan to Mr. Odeyemi Kehinde'),
(41, '1998-07-21', 23200, 0, 40000, 0, 0, 0, 0, 94108, '-'),
(42, '1998-07-28', 3200, 0, 16000, 0, 0, 0, 0, 113308, '-'),
(43, '1998-08-04', 2800, 0, 0, 0, 0, 0, 0, 116108, '-'),
(44, '1998-08-11', 22300, 0, 6000, 0, 0, 0, 0, 144408, '-'),
(45, '1998-08-18', 2600, 0, 20000, 0, 0, 0, 0, 167008, '-'),
(46, '1998-08-25', 28350, 0, 35000, 0, 0, 0, 0, 230258, '-'),
(47, '1998-09-01', 7800, 0, 20000, 0, 0, 0, 0, 258058, '-'),
(48, '1998-09-08', 8500, 0, 10000, 0, 0, 0, 0, 276558, '-'),
(49, '1998-09-15', 3500, 0, 20000, 0, 0, 0, 0, 300058, '-'),
(51, '1998-09-29', 3200, 0, 20000, 0, 0, 0, 0, 346308, '-'),
(52, '1998-09-29', 0, 0, 0, 0, 0, 300, 0, 346008, 'Cost of Withdrawal Form and Pass Book'),
(53, '1998-10-06', 2600, 0, 10000, 204, 0, 0, 0, 358812, '-'),
(54, '1998-10-13', 2900, 0, 20000, 0, 0, 0, 0, 381712, '-'),
(55, '1998-10-13', 0, 0, 500, 0, 0, 0, 0, 382212, '-'),
(56, '1998-10-20', 2600, 0, 50000, 0, 0, 0, 0, 434812, '-'),
(57, '1998-10-27', 3200, 0, 21000, 0, 0, 0, 0, 459012, '-'),
(58, '1998-11-03', 19150, 0, 25000, 0, 0, 0, 0, 503162, '-'),
(59, '1998-11-03', 0, 0, 16500, 0, 0, 0, 0, 519662, '-'),
(60, '1998-11-03', 0, 0, 0, 0, 0, 0, 410000, 109662, 'Loan to Mr. Adegbite Adebayo'),
(61, '1998-11-10', 5850, 0, 20500, 0, 0, 0, 0, 136012, '-'),
(62, '1998-11-17', 6800, 0, 15000, 0, 0, 0, 0, 157812, '-'),
(63, '1998-11-17', 0, 0, 2500, 0, 0, 0, 0, 160312, '-'),
(64, '1998-11-24', 5800, 0, 21000, 0, 0, 0, 0, 187112, '-'),
(65, '1998-12-01', 28650, 0, 22500, 0, 0, 0, 0, 238262, '-'),
(66, '1998-12-08', 6100, 0, 25000, 0, 0, 0, 0, 269362, '-'),
(67, '1998-12-15', 27900, 30000, 36000, 0, 0, 0, 0, 363262, '-'),
(68, '1998-12-22', 57800, 30000, 20000, 0, 0, 0, 0, 471062, '-'),
(69, '1998-12-22', 0, 0, 0, 0, 0, 0, 410000, 61062, 'Loan to Mr. Elijah Popoola'),
(70, '1998-12-29', 78300, 0, 60000, 0, 0, 0, 0, 199362, '-'),
(71, '1998-12-29', 0, 0, 10000, 0, 0, 0, 0, 209362, '-'),
(72, '1999-01-05', 134000, 30000, 20000, 0, 0, 0, 0, 393362, '-'),
(73, '1999-01-12', 48000, 0, 26000, 0, 0, 0, 0, 467362, '-'),
(74, '1999-01-19', 94300, 0, 60000, 0, 0, 0, 0, 621662, '-'),
(75, '1999-01-19', 0, 0, 10000, 0, 0, 0, 0, 631662, '-'),
(76, '1999-01-19', 0, 0, 0, 0, 0, 0, 410000, 221662, 'Loan to Mr. Olayinka Olanrewaju'),
(77, '1999-01-19', 1000, 0, 0, 0, 0, 0, 0, 222662, '-'),
(78, '1999-01-26', 16400, 0, 14000, 0, 0, 0, 0, 253062, '-'),
(79, '1999-02-02', 110000, 0, 50000, 0, 0, 0, 0, 413062, '-'),
(80, '1999-02-02', 0, 0, 10000, 0, 0, 0, 0, 423062, '-'),
(81, '1999-02-09', 92500, 0, 20000, 0, 0, 0, 0, 535562, '-'),
(82, '1999-02-09', 0, 0, 0, 0, 0, 0, 410000, 125562, 'Loan to Mr. S.A. Emmanuel'),
(83, '1999-02-16', 100900, 0, 40000, 0, 0, 0, 0, 266462, '-'),
(84, '1999-02-23', 19700, 15000, 25000, 0, 0, 0, 0, 326162, '-'),
(85, '1999-02-23', 0, 0, 0, 0, 0, 0, 150000, 176162, 'Loan to Mr. Kayode Adesiyan'),
(86, '1999-03-02', 42800, 0, 40000, 0, 0, 0, 0, 258952, '-'),
(87, '1999-03-09', 24400, 0, 25000, 0, 0, 0, 0, 308362, '-'),
(88, '1999-03-09', 0, 0, 10500, 0, 0, 0, 0, 318862, '-'),
(89, '1999-03-16', 6500, 0, 30000, 0, 0, 0, 0, 355362, '-'),
(90, '1999-03-23', 6350, 0, 45000, 0, 0, 0, 0, 406712, '-'),
(91, '1999-03-30', 5500, 0, 59000, 0, 0, 0, 0, 471212, '-'),
(92, '1999-04-06', 35100, 0, 49000, 0, 0, 0, 0, 555312, '-'),
(93, '1999-04-06', 3000, 0, 0, 0, 0, 0, 0, 558312, '-'),
(94, '1999-04-06', 0, 0, 0, 0, 0, 0, 417000, 141312, 'Loan to Mr. Isaiah Adeagbo'),
(95, '1999-04-13', 41800, 15000, 45000, 0, 0, 0, 0, 243112, '-'),
(96, '1999-04-13', 0, 0, 0, 0, 0, 3000, 0, 240112, 'Miscelaneous'),
(97, '1999-04-20', 67000, 15000, 52500, 0, 0, 0, 0, 374612, '-'),
(98, '1999-04-27', 8200, 0, 20000, 0, 0, 0, 0, 402812, '-'),
(99, '1999-05-04', 53300, 0, 48550, 0, 0, 0, 0, 504662, '-'),
(100, '1999-05-11', 6800, 0, 25000, 0, 0, 0, 0, 536462, '-'),
(101, '1999-05-11', 0, 0, 0, 0, 0, 0, 450000, 86462, 'Loan to Mr. Adeyemi Adebayo'),
(102, '1999-05-18', 20900, 0, 60000, 0, 0, 0, 0, 167362, '-'),
(103, '1999-05-25', 7650, 0, 31000, 0, 0, 0, 0, 206012, '-'),
(104, '1999-05-25', 16000, 0, 0, 0, 0, 0, 0, 222012, '-'),
(105, '1999-06-01', 6800, 0, 68000, 0, 0, 0, 0, 296812, '-'),
(106, '1999-06-01', 20000, 0, 0, 0, 0, 0, 0, 316812, '-'),
(107, '1999-06-08', 35000, 0, 31000, 0, 0, 0, 0, 386212, '-'),
(108, '1999-06-08', 0, 0, 0, 0, 0, 56000, 0, 327212, 'Expenses by the Company (Purchase of 4 Plots)'),
(109, '1999-06-15', 63800, 0, 50000, 0, 0, 0, 0, 441012, '-'),
(110, '1999-06-22', 6000, 0, 21000, 0, 0, 0, 0, 468012, '-'),
(111, '1999-06-29', 6400, 0, 65000, 0, 0, 0, 0, 539412, '-'),
(112, '1999-07-06', 79200, 0, 45000, 0, 0, 0, 0, 663612, '-'),
(113, '1999-07-06', 0, 0, 0, 0, 0, 0, 420000, 243612, 'Loan yo Adisa Emmanuel'),
(114, '1999-07-13', 6300, 0, 71000, 0, 0, 0, 0, 320912, '-'),
(115, '1999-07-20', 22600, 0, 42000, 0, 0, 0, 0, 385512, '-'),
(116, '1999-07-20', 0, 0, 0, 0, 0, 0, 270000, 115512, 'Loan to Dauda Lasisi'),
(117, '1999-07-27', 11900, 0, 51500, 0, 0, 0, 0, 178912, '-'),
(118, '1999-08-03', 6400, 0, 43000, 0, 0, 0, 0, 228312, '-'),
(119, '1999-08-10', 17700, 15000, 55000, 0, 0, 0, 0, 316012, '-'),
(120, '1999-08-17', 33700, 0, 37000, 0, 0, 0, 0, 386712, '-'),
(121, '1999-08-24', 7700, 0, 65500, 0, 0, 0, 0, 459912, '-'),
(122, '1999-08-24', 0, 0, 0, 0, 0, 0, 450000, 9912, 'Loan to Mr. Olawale Sunday'),
(123, '1999-08-31', 43000, 0, 53000, 0, 0, 0, 0, 105912, '-'),
(124, '1999-08-31', 200, 0, 0, 0, 0, 0, 0, 106112, '-'),
(125, '1999-09-07', 24600, 0, 81000, 0, 0, 0, 0, 211712, '-'),
(126, '1999-09-14', 44000, 0, 46000, 0, 0, 0, 0, 301712, '-'),
(127, '1999-09-21', 31800, 0, 79000, 0, 200, 0, 0, 412712, '-'),
(128, '1999-09-21', 0, 0, 0, 0, 0, 0, 120000, 292712, 'Loan to Mr. Adeleke Adebisi'),
(129, '1999-09-28', 9500, 0, 74000, 0, 0, 0, 0, 376212, '-'),
(130, '1999-09-28', 0, 0, 0, 0, 0, 0, 150000, 226212, 'Loan to Mr. Sunday Adebisi'),
(131, '1999-10-05', 16400, 0, 82000, 0, 0, 0, 0, 324612, '-'),
(132, '1999-10-12', 46600, 0, 41500, 0, 0, 0, 0, 412712, '-'),
(133, '1999-10-12', 0, 0, 0, 0, 0, 0, 60000, 352712, 'Loan to Mr. Olawale Moshood'),
(134, '1999-10-19', 93000, 0, 57000, 0, 0, 0, 0, 502712, '-'),
(135, '1999-10-26', 27200, 0, 53000, 0, 0, 0, 0, 582912, '-'),
(136, '1999-11-02', 32160, 0, 60000, 0, 0, 0, 0, 675072, '-'),
(137, '1999-11-02', 0, 0, 0, 0, 0, 0, 300000, 375072, 'Loan to Mr. Odeyemi Abel'),
(138, '1999-11-02', 0, 0, 0, 0, 0, 20000, 0, 355072, 'Committee Bonus'),
(139, '1999-11-09', 25100, 0, 74500, 0, 0, 0, 0, 454672, '-'),
(140, '1999-11-09', 0, 0, 0, 0, 0, 179200, 0, 275472, 'Expenses by the Company (Purchase, Certificate of Occupancy and Agreement)'),
(141, '1999-11-16', 31100, 0, 86200, 0, 0, 0, 0, 392772, '-'),
(142, '1999-11-23', 27600, 0, 62000, 0, 0, 0, 0, 482372, '-'),
(143, '1999-11-30', 8710, 0, 115200, 0, 0, 0, 0, 606282, '-'),
(144, '1999-12-07', 29300, 0, 107000, 0, 0, 0, 0, 742582, '-'),
(145, '1999-12-07', 200, 0, 0, 0, 0, 0, 0, 742782, '-'),
(146, '1999-12-14', 6600, 0, 75200, 0, 0, 0, 0, 824582, '-'),
(147, '1999-12-21', 6300, 0, 87500, 0, 0, 0, 0, 918382, '-'),
(148, '1999-12-21', 0, 0, 0, 0, 0, 0, 500000, 418382, 'Loan to Mr. Akin Jacob'),
(149, '1999-12-28', 37800, 0, 73700, 0, 0, 0, 0, 529882, '-'),
(150, '2000-01-04', 5700, 0, 59500, 0, 0, 0, 0, 595082, '-'),
(151, '2000-01-04', 600, 0, 0, 0, 0, 0, 0, 595682, '-'),
(152, '2000-01-11', 7200, 0, 53200, 0, 0, 0, 0, 656082, '-'),
(153, '2000-01-18', 0, 0, 0, 0, 0, 0, 450000, 206082, 'Loan to Mr. Oladoye Rasheed'),
(154, '2000-01-18', 6500, 0, 107500, 0, 0, 0, 0, 320082, '-'),
(155, '2000-01-25', 37600, 0, 83500, 0, 0, 0, 0, 441182, '-'),
(156, '2000-01-25', 20000, 0, 0, 0, 0, 0, 0, 461182, '-'),
(157, '2000-02-01', 10500, 0, 107000, 0, 0, 0, 0, 578682, '-'),
(158, '2000-02-08', 24300, 0, 96000, 0, 0, 0, 0, 698982, '-'),
(159, '2000-02-08', 0, 0, 0, 0, 0, 0, 500000, 198982, 'Loan to Mr. Sunday Oyemomilara'),
(160, '2000-02-15', 48600, 0, 90500, 0, 0, 0, 0, 338082, '-'),
(161, '2000-02-15', 600, 0, 0, 0, 0, 0, 0, 338682, '-'),
(162, '2000-02-22', 46550, 30000, 97000, 0, 0, 0, 0, 512232, '-'),
(163, '2000-02-22', 0, 0, 0, 0, 0, 0, 60000, 452232, 'Loan to Mr. Isiaka Adewale'),
(164, '2000-02-29', 34200, 0, 65000, 0, 0, 0, 0, 551432, '-'),
(165, '2000-03-07', 28900, 0, 51500, 0, 0, 0, 0, 631832, '-'),
(166, '2000-03-14', 81100, 0, 8200, 0, 0, 0, 0, 794932, '-'),
(167, '2000-03-14', 0, 0, 0, 0, 0, 0, 500000, 294932, 'Loan to Mr. David Ajadi'),
(168, '2000-03-21', 21000, 0, 80000, 0, 0, 0, 0, 395932, '-'),
(169, '2000-03-21', 7000, 0, 0, 0, 0, 0, 0, 402932, '-'),
(170, '2000-03-28', 6800, 0, 71900, 0, 0, 0, 0, 481632, '-'),
(171, '2000-04-04', 9300, 0, 78000, 0, 0, 0, 0, 568932, '-'),
(172, '2000-04-11', 9800, 0, 45000, 0, 0, 0, 0, 632732, '-'),
(173, '2000-04-11', 0, 0, 0, 0, 0, 0, 500000, 123732, 'Loan to Mr. Olatunji Samuel'),
(174, '2000-04-18', 8800, 0, 72000, 0, 0, 0, 0, 204532, '-'),
(175, '2000-04-25', 23400, 0, 77500, 0, 0, 0, 0, 305432, '-'),
(176, '2000-05-02', 8300, 0, 93000, 0, 0, 0, 0, 406732, '-'),
(177, '2000-05-09', 9100, 0, 93000, 0, 0, 0, 0, 508832, '-'),
(178, '2000-05-16', 34300, 0, 65500, 0, 0, 0, 0, 608632, '-'),
(179, '2000-05-23', 37800, 0, 99000, 0, 160, 0, 0, 745592, '-'),
(180, '2000-05-23', 0, 0, 0, 0, 0, 0, 500000, 245592, 'Loan to Mr. Adelani Taofik'),
(181, '2000-05-30', 8000, 0, 53000, 0, 0, 0, 0, 306592, '-'),
(182, '2000-06-06', 11900, 0, 75500, 0, 0, 0, 0, 393992, '-'),
(183, '2000-06-13', 32100, 0, 37200, 0, 0, 0, 0, 463292, '-'),
(184, '2000-06-20', 18300, 15000, 67000, 0, 0, 0, 0, 563592, '-'),
(185, '2000-06-27', 6650, 0, 69500, 0, 0, 0, 0, 639742, '-'),
(186, '2000-06-27', 0, 0, 0, 0, 0, 0, 375000, 264742, 'Loan to Mr. Mudasiru Gberelaye'),
(187, '2000-07-04', 6200, 0, 65100, 0, 0, 0, 0, 336042, '-'),
(188, '2000-07-11', 30500, 0, 70250, 0, 0, 0, 0, 436792, '-'),
(189, '2000-07-18', 20000, 0, 55500, 0, 0, 0, 0, 512292, '-'),
(190, '2000-07-25', 6400, 0, 74000, 0, 0, 0, 0, 592692, '-'),
(191, '2000-08-01', 25000, 0, 142000, 0, 0, 0, 0, 759692, '-'),
(192, '2000-08-01', 0, 0, 0, 0, 0, 0, 500000, 259692, 'Loan to Mr. Adegbite Adebayo'),
(193, '2000-08-08', 30800, 0, 51000, 0, 0, 0, 0, 341492, '-'),
(194, '2000-08-15', 34100, 0, 79500, 0, 0, 0, 0, 455092, '-'),
(195, '2000-08-22', 6000, 0, 51000, 0, 0, 0, 0, 512092, '-'),
(196, '2000-08-29', 32540, 0, 65500, 0, 0, 0, 0, 610132, '-'),
(197, '2000-09-05', 32700, 0, 38000, 0, 0, 0, 0, 680832, '-'),
(198, '2000-09-05', 0, 0, 0, 0, 0, 0, 500000, 180832, 'Loan to Mr. Odeyemi Kehinde'),
(199, '2000-09-12', 35800, 0, 80500, 0, 0, 0, 0, 297132, '-'),
(200, '2000-09-19', 5000, 0, 99000, 0, 0, 0, 0, 401132, '-'),
(201, '2000-09-26', 23000, 0, 81500, 0, 0, 0, 0, 505632, '-'),
(202, '2000-10-03', 10500, 0, 43000, 0, 0, 0, 0, 559132, '-'),
(203, '2000-10-10', 6400, 0, 55000, 0, 0, 0, 0, 620532, '-'),
(204, '2000-10-10', 0, 0, 0, 0, 0, 0, 450000, 170532, 'Loan to Mr. Adefaye Felix'),
(205, '2000-10-17', 38200, 0, 50000, 0, 0, 0, 0, 258732, '-'),
(206, '2000-10-24', 60950, 0, 89000, 0, 0, 0, 0, 408682, '-'),
(207, '2000-10-31', 31500, 0, 68000, 0, 0, 0, 0, 508182, '-'),
(208, '2000-11-07', 59850, 0, 76500, 0, 0, 0, 0, 644532, '-'),
(209, '2000-11-07', 0, 0, 0, 0, 0, 20000, 0, 624532, 'Committee Bonus'),
(210, '2000-11-14', 56700, 30000, 97500, 0, 0, 0, 0, 808732, '-'),
(211, '2000-11-14', 0, 0, 0, 0, 0, 0, 500000, 308732, 'Loan to Mr. Adekola Adeosun'),
(212, '2000-11-21', 77400, 0, 108500, 0, 0, 0, 0, 494832, '-'),
(213, '2000-11-28', 63000, 0, 83000, 0, 0, 0, 0, 640632, '-'),
(214, '2000-12-05', 61900, 15000, 80500, 0, 0, 0, 0, 798032, '-'),
(215, '2000-12-05', 0, 0, 0, 0, 0, 0, 330000, 468032, 'Loan to Mr. Matthew Ajadi'),
(216, '2000-12-05', 15000, 0, 0, 0, 0, 0, 0, 483032, '-'),
(217, '2000-12-12', 37500, 0, 82000, 0, 0, 0, 0, 602532, '-'),
(218, '2000-12-19', 63550, 0, 90500, 0, 0, 0, 0, 756582, '-'),
(219, '2000-12-19', 0, 0, 0, 0, 0, 0, 500000, 256582, 'Loan to Mr. Kehinde Ola'),
(220, '2000-12-26', 95100, 0, 76000, 0, 0, 0, 0, 427682, '-'),
(221, '2001-01-02', 48500, 0, 86000, 0, 0, 0, 0, 562182, '-'),
(222, '2001-01-09', 16400, 0, 46500, 0, 0, 0, 0, 625082, '-'),
(223, '2001-01-16', 100300, 0, 145000, 0, 0, 0, 0, 870382, '-'),
(224, '2001-01-16', 0, 0, 0, 0, 0, 0, 420000, 450382, 'Loan to Mr. Hammed Akanji'),
(225, '2001-01-16', 200, 0, 0, 0, 0, 0, 0, 450582, '-'),
(226, '2001-01-23', 15900, 0, 121000, 0, 0, 0, 0, 587482, '-'),
(227, '2001-01-30', 51000, 0, 159000, 0, 0, 0, 0, 797482, '-'),
(228, '2001-02-06', 69000, 0, 170000, 0, 0, 0, 0, 1036482, '-'),
(229, '2001-02-13', 54200, 0, 79000, 0, 0, 0, 0, 1169682, '-'),
(230, '2001-02-13', 0, 0, 0, 0, 0, 0, 200000, 969682, 'Loan to Mr. Dayo Ajayi'),
(231, '2001-02-13', 0, 0, 0, 0, 0, 0, 400000, 569682, 'Loan to Mr. Sunday Adebisi'),
(232, '2001-02-20', 23300, 0, 101000, 0, 0, 0, 0, 693982, '-'),
(233, '2001-02-27', 26900, 0, 116000, 0, 0, 0, 0, 836882, '-'),
(234, '2001-02-27', 0, 0, 0, 0, 0, 0, 500000, 336882, 'Loan to Mr. Owolabi Lere'),
(235, '2001-03-06', 8100, 0, 80000, 0, 0, 0, 0, 424982, '-'),
(236, '2001-03-13', 31500, 0, 139000, 0, 0, 0, 0, 595482, '-'),
(237, '2001-03-20', 97500, 0, 112000, 0, 0, 0, 0, 804982, '-'),
(238, '2001-03-27', 54500, 15000, 132400, 0, 0, 0, 0, 1006882, '-'),
(239, '2001-04-03', 59800, 0, 93000, 0, 0, 0, 0, 1159682, '-'),
(240, '2001-04-03', 0, 0, 11000, 0, 0, 0, 0, 1170682, '-'),
(241, '2001-04-03', 0, 0, 0, 0, 0, 0, 600000, 570682, 'Loan to Mr. Joshua Ajadi'),
(242, '2001-04-10', 14400, 0, 138600, 0, 0, 0, 0, 723682, '-'),
(243, '2001-04-10', 23000, 0, 0, 0, 0, 0, 0, 746682, '-'),
(244, '2001-04-17', 6200, 0, 100000, 0, 0, 0, 0, 852882, '-'),
(245, '2001-04-17', 0, 0, 0, 0, 0, 0, 400000, 452882, 'Loan to Mr. Adeleke Adebisi'),
(246, '2001-04-24', 69800, 0, 140000, 0, 0, 0, 0, 662682, '-'),
(247, '2001-05-01', 33900, 0, 142000, 0, 0, 0, 0, 838582, 'Loan to Mr. Azeez Saliu'),
(248, '2001-05-01', 0, 0, 0, 0, 0, 0, 600000, 238582, 'Loan to Mr. Olaniyi Olanrewaju'),
(249, '2001-05-08', 6190, 0, 140000, 0, 0, 0, 0, 384772, '-'),
(250, '2001-05-15', 7300, 0, 92500, 0, 0, 0, 0, 484572, '-'),
(251, '2001-05-22', 4300, 0, 113800, 0, 0, 0, 0, 602672, '-'),
(252, '2001-05-22', 0, 0, 0, 0, 1000, 0, 0, 603672, '-'),
(253, '2001-05-29', 5500, 0, 92500, 0, 0, 0, 0, 701672, '-'),
(254, '2001-06-05', 5900, 0, 211000, 0, 1350, 0, 0, 919922, '-'),
(255, '2001-06-05', 0, 0, 0, 0, 0, 0, 450000, 469922, 'Loan to Mr. Akintola Jacob'),
(256, '2001-06-12', 15700, 15000, 87500, 0, 0, 0, 0, 588122, '-'),
(257, '2001-06-19', 76700, 0, 117000, 0, 0, 0, 0, 781822, '-'),
(258, '2001-06-26', 8100, 0, 194500, 0, 0, 0, 0, 984422, '-'),
(259, '2001-07-03', 6700, 0, 81000, 0, 0, 0, 0, 1072122, '-'),
(260, '2001-07-03', 0, 0, 0, 0, 0, 0, 450000, 622122, 'Loan to Mr. Isaiah Adeagbo'),
(261, '2001-07-03', 0, 0, 0, 0, 0, 0, 600000, 22122, 'Loan to Mr. George Aremu'),
(262, '2001-07-10', 5600, 0, 81500, 0, 0, 0, 0, 109222, '-'),
(263, '2001-07-17', 5700, 0, 112000, 0, 0, 0, 0, 226922, '-'),
(264, '2001-07-17', 400, 0, 0, 0, 0, 0, 0, 227322, '-'),
(265, '2001-07-24', 48900, 15000, 77000, 0, 0, 0, 0, 368222, '-'),
(266, '2001-07-31', 6000, 0, 219000, 0, 0, 0, 0, 593222, '-'),
(267, '2001-08-07', 42000, 15000, 141500, 0, 0, 0, 0, 791222, '-'),
(268, '2001-08-14', 27300, 15000, 168000, 0, 0, 0, 0, 1002022, '-'),
(269, '2001-08-14', 0, 0, 0, 0, 0, 0, 590000, 412022, 'Loan to Mr. Adesiyan Kayode'),
(270, '2001-08-21', 10400, 0, 90000, 0, 0, 0, 0, 512422, '-'),
(271, '2001-08-28', 52300, 0, 144000, 0, 0, 0, 0, 708722, '-'),
(272, '2001-09-04', 12000, 0, 89000, 0, 0, 0, 0, 810522, '-'),
(273, '2001-09-11', 22400, 0, 104000, 0, 0, 0, 0, 936922, '-'),
(274, '2001-09-18', 5600, 0, 40000, 0, 0, 0, 0, 982522, '-'),
(275, '2001-09-25', 10200, 0, 74000, 0, 0, 0, 0, 1066722, '-'),
(276, '2001-09-25', 0, 0, 0, 0, 0, 0, 600000, 466722, 'Loan to Mr. S.A. Emmanuel'),
(277, '2001-09-25', 0, 0, 0, 0, 0, 1400, 0, 465322, 'Miscalculation'),
(278, '2001-10-02', 9600, 0, 53000, 0, 0, 0, 0, 527922, '-'),
(279, '2001-10-09', 10800, 0, 51500, 0, 0, 0, 0, 590222, '-'),
(280, '2001-10-16', 9800, 0, 84500, 0, 0, 0, 0, 684522, '-'),
(281, '2001-10-16', 0, 0, 0, 0, 0, 0, 390000, 294522, 'Loan to Mr. Ayodele Babatunde'),
(282, '2001-10-23', 9200, 0, 73000, 0, 0, 0, 0, 376722, '-'),
(283, '2001-10-30', 12800, 0, 66600, 0, 0, 0, 0, 456122, '-'),
(284, '2001-11-06', 14400, 0, 89000, 0, 0, 0, 0, 559522, '-'),
(285, '2001-11-13', 10910, 0, 146400, 0, 0, 0, 0, 716832, '-'),
(286, '2001-11-13', 0, 0, 0, 0, 0, 20000, 0, 696832, 'Committee Bonus'),
(287, '2001-11-20', 26500, 0, 120000, 0, 0, 0, 0, 843332, '-'),
(288, '2001-11-20', 0, 0, 0, 0, 0, 0, 450000, 393332, 'Loan to Mr. Akanmu Gafari'),
(289, '2001-11-27', 10600, 0, 192200, 0, 0, 0, 0, 596132, '-'),
(290, '2001-12-04', 24000, 0, 119000, 0, 0, 0, 0, 739132, '-'),
(291, '2001-12-11', 105540, 0, 110000, 0, 0, 0, 0, 954672, '-'),
(292, '2001-12-18', 25000, 0, 108000, 0, 0, 0, 0, 1087672, '-'),
(293, '2001-12-18', 0, 0, 0, 0, 0, 0, 540000, 547672, 'Loan to Mr. Elijah Popoola'),
(294, '2001-12-25', 8100, 0, 113500, 0, 0, 0, 0, 669272, '-'),
(295, '2001-12-25', 500, 0, 0, 0, 0, 0, 0, 669772, '-'),
(296, '2002-01-01', 8950, 0, 100500, 0, 0, 0, 0, 779222, '-'),
(297, '2002-01-01', 0, 0, 0, 0, 0, 0, 330000, 449222, 'Loan to Mr. Ayinde Yusuf'),
(298, '2002-01-08', 45700, 0, 128000, 0, 0, 0, 0, 622922, '-'),
(299, '2002-01-15', 42200, 0, 101000, 0, 0, 0, 0, 766122, '-'),
(300, '2002-01-22', 46600, 0, 112000, 0, 0, 0, 0, 924722, '-'),
(301, '2002-01-29', 13200, 0, 75600, 0, 0, 0, 0, 1013522, '-'),
(302, '2002-01-29', 0, 0, 0, 0, 0, 0, 600000, 413522, 'Loan to Mr. Nathaniel Oluwadare'),
(303, '2002-02-05', 7400, 0, 71100, 0, 0, 0, 0, 492022, '-'),
(304, '2002-02-12', 22500, 0, 88500, 0, 0, 0, 0, 603072, '-'),
(305, '2002-02-19', 7000, 0, 54000, 0, 0, 0, 0, 664072, '-'),
(306, '2002-02-19', 0, 0, 75000, 0, 0, 0, 0, 739072, '-'),
(307, '2002-02-19', 0, 0, 0, 0, 0, 75000, 0, 664072, 'To Cash'),
(308, '2002-02-26', 4400, 0, 91000, 0, 0, 0, 0, 759472, '-'),
(309, '2002-03-05', 8500, 0, 40000, 0, 0, 0, 0, 807972, '-'),
(310, '2002-03-05', 4400, 0, 0, 0, 0, 0, 0, 812372, '-'),
(311, '2002-03-12', 12750, 0, 140000, 0, 0, 0, 0, 965122, '-'),
(312, '2002-03-19', 55700, 0, 42000, 0, 0, 0, 0, 1062822, '-'),
(313, '2002-03-19', 0, 0, 0, 0, 0, 0, 600000, 462822, 'Loan to Mr. Akin Jacob'),
(314, '2002-03-26', 52600, 15000, 142000, 0, 0, 0, 0, 462822, '-'),
(315, '2002-04-02', 37000, 0, 88500, 0, 0, 0, 0, 797922, '-'),
(316, '2002-04-09', 72300, 0, 141000, 0, 0, 0, 0, 1011222, '-'),
(317, '2002-04-16', 9700, 0, 51500, 0, 0, 0, 0, 1072422, '-'),
(318, '2002-04-16', 0, 0, 0, 0, 0, 0, 510000, 562422, 'Loan to Mr. David Akinyemi'),
(319, '2002-04-23', 27600, 0, 141000, 0, 0, 0, 0, 731022, '-'),
(320, '2002-04-30', 25300, 0, 101000, 0, 0, 0, 0, 857322, '-'),
(321, '2002-04-30', 0, 0, 0, 0, 0, 0, 90000, 767322, 'Loan to Mr. Basiru Siyanbola'),
(322, '2002-05-07', 37700, 0, 143000, 0, 0, 0, 0, 948022, '-'),
(323, '2002-05-14', 8100, 0, 85500, 0, 0, 0, 0, 1041622, '-'),
(324, '2002-05-14', 0, 0, 0, 0, 0, 0, 600000, 441622, 'Loan to Mr. Sunday Olawale'),
(325, '2002-05-21', 130300, 0, 230000, 0, 0, 0, 0, 801922, '-'),
(326, '2002-05-28', 17900, 0, 100000, 0, 0, 0, 0, 919822, '-'),
(327, '2002-06-04', 7400, 0, 128000, 0, 0, 0, 0, 1055222, '-'),
(328, '2002-06-04', 0, 0, 0, 0, 0, 0, 400000, 655222, 'Loan to Mr. Adisa Emmanuel'),
(329, '2002-06-11', 7500, 0, 111500, 0, 200, 0, 0, 774422, '-'),
(330, '2002-06-18', 36900, 0, 114500, 0, 0, 0, 0, 925822, '-'),
(331, '2002-06-18', 0, 0, 0, 0, 0, 0, 200000, 725822, 'Loan to Mr. Adisa Emmanuel'),
(332, '2002-06-25', 34000, 0, 90800, 0, 0, 0, 0, 850622, '-'),
(333, '2002-07-02', 7400, 0, 96000, 0, 0, 0, 0, 954022, '-'),
(334, '2002-07-02', 0, 0, 0, 0, 0, 0, 400000, 554022, 'Loan to Mr. Muda Gberejaye'),
(335, '2002-07-09', 6200, 0, 103000, 0, 200, 0, 0, 663422, '-'),
(336, '2002-07-09', 0, 0, 0, 0, 0, 0, 100000, 563422, 'Loan to Mr. Muda Gberejaye'),
(337, '2002-07-16', 5600, 0, 96100, 0, 0, 0, 0, 665122, '-'),
(338, '2002-07-23', 7200, 0, 133000, 0, 0, 0, 0, 805322, '-'),
(339, '2002-07-23', 0, 0, 0, 0, 0, 0, 300000, 505322, 'Loan to Mr. Musiliyu Olunlade'),
(340, '2002-07-30', 27800, 0, 101000, 0, 0, 0, 0, 634122, '-'),
(341, '2002-08-06', 70400, 0, 96000, 0, 0, 0, 0, 800522, '-'),
(342, '2002-08-13', 7000, 0, 141000, 0, 0, 0, 0, 948522, '-'),
(343, '2002-08-13', 0, 0, 0, 0, 0, 0, 600000, 348522, 'Loan to Mr. Dauda Lasisi'),
(344, '2002-08-20', 15300, 15000, 88000, 0, 0, 0, 0, 466822, '-'),
(345, '2002-08-27', 5800, 0, 109000, 0, 0, 0, 0, 581622, '-'),
(346, '2002-09-03', 7400, 0, 94500, 0, 0, 0, 0, 683522, '-'),
(347, '2002-09-10', 37500, 0, 70000, 0, 0, 0, 0, 791022, '-'),
(348, '2002-09-17', 8200, 0, 106000, 0, 0, 0, 0, 905222, '-'),
(349, '2002-09-24', 5900, 0, 161000, 0, 0, 0, 0, 1072122, '-'),
(350, '2002-09-24', 0, 0, 0, 0, 0, 0, 700000, 371122, 'Loan to Mr. Adegbite Adebayo'),
(351, '2002-10-01', 7400, 0, 67000, 0, 0, 0, 0, 446522, '-'),
(352, '2002-10-08', 7650, 0, 82000, 0, 0, 0, 0, 536172, '-'),
(353, '2002-10-15', 6600, 0, 71000, 0, 0, 0, 0, 613772, '-'),
(354, '2002-10-22', 30800, 0, 175000, 0, 0, 0, 0, 819572, '-'),
(355, '2002-10-29', 8300, 0, 273000, 0, 0, 0, 0, 1100872, '-'),
(356, '2002-10-29', 0, 0, 0, 0, 0, 12000, 0, 1088872, 'Company''s contribution'),
(357, '2002-10-29', 0, 0, 0, 0, 0, 0, 330000, 758872, 'Loan to Mr. Rafiu Adesiyan'),
(358, '2002-10-29', 0, 0, 0, 0, 0, 0, 500000, 258872, 'Loan to Mr. Lukman Oyewole'),
(359, '2002-11-05', 5800, 0, 137000, 0, 0, 0, 0, 401672, '-'),
(360, '2002-11-05', 0, 0, 0, 0, 0, 6000, 0, 395672, 'Company''s contribution'),
(361, '2002-11-05', 0, 0, 0, 0, 0, 40000, 0, 355672, 'Committee Bonus'),
(362, '2002-11-12', 10100, 0, 284000, 0, 0, 0, 0, 649772, '-'),
(363, '2002-11-12', 0, 0, 0, 0, 0, 6000, 0, 643772, 'Company''s contribution'),
(364, '2002-11-19', 6300, 0, 168000, 0, 0, 0, 0, 818072, '-'),
(365, '2002-11-19', 0, 0, 0, 0, 0, 0, 0, 812072, 'Company''s contribution'),
(366, '2002-11-26', 7100, 0, 104000, 0, 0, 0, 0, 923172, '-'),
(367, '2002-11-26', 0, 0, 0, 0, 0, 6000, 0, 917172, 'Company''s contribution'),
(368, '2002-11-26', 0, 0, 0, 0, 0, 0, 550000, 367172, 'Loan to Mr. Oladoye Rasheed'),
(369, '2002-11-26', 0, 0, 0, 0, 0, 0, 330000, 37172, 'Loan to Mr. Adewale Isiaka'),
(370, '2002-12-03', 72300, 15000, 392000, 0, 0, 0, 0, 516472, '-'),
(371, '2002-12-03', 0, 0, 0, 0, 0, 6000, 0, 510472, 'Company''s contribution'),
(372, '2002-12-10', 6700, 0, 149000, 0, 0, 0, 0, 666172, '-'),
(373, '2002-12-10', 0, 0, 0, 0, 0, 6000, 0, 660172, 'Company''s contribution'),
(374, '2002-12-10', 0, 0, 0, 0, 0, 100000, 0, 560172, 'For the company''s shop construction to the treasurer'),
(375, '2002-12-17', 6100, 0, 122000, 0, 0, 0, 0, 688272, '-'),
(376, '2002-12-17', 0, 0, 0, 0, 0, 6000, 0, 682272, 'Company''s contribution'),
(377, '2002-12-24', 26400, 0, 151500, 0, 0, 0, 0, 860172, '-'),
(378, '2002-12-24', 0, 0, 0, 0, 0, 6000, 0, 854172, 'Company''s contribution'),
(379, '2002-12-31', 7700, 0, 138000, 0, 0, 0, 0, 999872, '-'),
(380, '2002-12-31', 0, 0, 0, 0, 0, 6000, 0, 993872, 'Company''s contribution'),
(381, '2002-12-31', 0, 0, 0, 0, 0, 40000, 0, 953872, 'Purchase 20 loads of sand'),
(382, '2002-12-31', 0, 0, 0, 0, 0, 0, 700000, 253872, 'Loan to Mr. Sunday Oyemomilara'),
(383, '2003-01-07', 7000, 0, 148000, 0, 0, 0, 0, 408872, '-'),
(384, '2003-01-07', 0, 0, 0, 0, 0, 6000, 0, 402872, 'Company''s contribution'),
(385, '2003-01-14', 8200, 0, 274000, 0, 0, 0, 0, 685072, '-'),
(386, '2003-01-14', 0, 0, 0, 0, 0, 6000, 0, 679072, 'Company''s contribution'),
(387, '2003-01-21', 6500, 0, 139500, 0, 0, 0, 0, 825072, '-'),
(388, '2003-01-21', 0, 0, 0, 0, 0, 0, 819072, 181900, 'Company''s contribution'),
(389, '2003-01-28', 5700, 0, 137000, 0, 0, 0, 0, 961772, '-'),
(390, '2003-01-28', 0, 0, 0, 0, 0, 6000, 0, 955772, 'Company''s contribution'),
(391, '2003-01-28', 0, 0, 0, 0, 0, 76400, 0, 879372, 'For the construction of company''s shop'),
(392, '2003-02-04', 5400, 0, 185500, 0, 0, 0, 0, 1070272, '-'),
(393, '2003-02-04', 0, 0, 0, 0, 0, 6000, 0, 1064272, 'Company''s contribution'),
(394, '2003-02-04', 0, 0, 0, 0, 0, 0, 600000, 464272, 'Loan to Mr. Moruf Yusuf'),
(395, '2003-02-11', 5500, 0, 142000, 0, 0, 0, 0, 611772, '-'),
(396, '2003-02-11', 0, 0, 0, 0, 0, 6000, 0, 605772, 'Company''s contribution'),
(397, '2003-02-18', 9500, 0, 159400, 0, 0, 0, 0, 774672, '-'),
(398, '2003-02-18', 0, 0, 0, 0, 0, 6000, 0, 768672, 'Company''s contribution'),
(399, '2003-02-18', 0, 0, 0, 0, 0, 15000, 0, 753672, 'Purchase of 5 loads of gravel'),
(400, '2003-02-25', 5850, 0, 125000, 0, 0, 0, 0, 884522, '-'),
(401, '2003-02-25', 0, 0, 0, 0, 0, 6000, 0, 878522, 'Company''s contribution'),
(402, '2003-03-04', 7700, 0, 152600, 0, 0, 0, 0, 1038822, '-'),
(403, '2003-03-04', 0, 0, 0, 0, 0, 6000, 0, 1032822, 'Company''s contribution'),
(404, '2003-03-11', 85700, 0, 135000, 0, 0, 0, 0, 1253522, '-'),
(405, '2003-03-11', 0, 0, 0, 0, 0, 6000, 0, 1247522, 'Company''s contribution'),
(406, '2003-03-11', 0, 0, 10000, 0, 0, 0, 0, 1257522, '-'),
(407, '2003-03-18', 7100, 0, 87700, 0, 0, 0, 0, 1351622, '-'),
(408, '2003-03-18', 0, 0, 0, 0, 0, 6000, 0, 1345622, 'Company''s contribution'),
(409, '2003-03-18', 0, 0, 0, 0, 0, 0, 600000, 745622, 'Loan to Mr. Odeyemi Abel'),
(410, '2003-03-25', 8000, 0, 160000, 0, 0, 0, 0, 913622, '-'),
(411, '2003-03-25', 0, 0, 0, 0, 0, 6000, 0, 907622, 'Company''s contribution'),
(412, '2003-03-25', 0, 0, 0, 0, 0, 140000, 0, 767622, 'For the construction of company''s shop'),
(413, '2003-04-01', 25300, 0, 108500, 0, 0, 0, 0, 901422, '-'),
(414, '2003-04-01', 0, 0, 0, 0, 0, 6000, 0, 895422, 'Company''s contribution'),
(415, '2003-04-01', 0, 0, 0, 0, 0, 0, 600000, 295422, 'Loan to Mr. Adelani Taofik'),
(416, '2003-04-08', 4600, 0, 86000, 0, 0, 0, 0, 386022, '-'),
(417, '2003-04-08', 0, 0, 0, 0, 0, 6000, 0, 380022, 'Company''s contribution'),
(418, '2003-04-08', 400, 0, 0, 0, 0, 0, 0, 380422, '-'),
(419, '2003-04-15', 8500, 0, 146000, 0, 0, 0, 0, 534922, '-'),
(420, '2003-04-22', 4600, 0, 110500, 0, 0, 0, 0, 650022, '-'),
(421, '2003-04-22', 0, 0, 0, 0, 0, 6000, 0, 644022, 'Company''s contribution'),
(422, '2003-04-29', 5200, 0, 99000, 0, 0, 0, 0, 748222, '-'),
(423, '2003-04-29', 0, 0, 0, 0, 0, 6000, 0, 742222, 'Company''s contribution'),
(424, '2003-05-06', 5600, 0, 103000, 0, 0, 0, 0, 850822, '-'),
(425, '2003-05-06', 0, 0, 0, 0, 0, 6000, 0, 844822, 'Company''s contribution'),
(426, '2003-05-13', 5000, 0, 133500, 0, 0, 0, 0, 983322, '-'),
(427, '2003-05-13', 0, 0, 0, 0, 0, 6000, 0, 977322, 'Company''s contribution'),
(428, '2003-05-20', 5700, 0, 69000, 0, 0, 0, 0, 1052022, '-'),
(429, '2003-05-20', 0, 0, 0, 0, 0, 6000, 0, 1046022, 'Company''s contribution'),
(430, '2003-05-20', 0, 0, 0, 0, 0, 0, 800000, 246022, 'Loan to Mr. Ogunmomiluwa Oluwole'),
(431, '2003-05-20', 0, 0, 0, 0, 0, 6000, 0, 240022, 'Company''s contribution'),
(432, '2003-05-27', 156000, 0, 519000, 0, 0, 0, 0, 915022, '-'),
(433, '2003-05-27', 0, 0, 0, 0, 0, 6000, 0, 909022, 'Company''s contribution'),
(434, '2003-06-03', 3800, 0, 115000, 0, 0, 0, 0, 1027822, '-'),
(435, '2003-06-10', 5350, 0, 113000, 0, 0, 0, 0, 1146172, '-'),
(436, '2003-06-10', 0, 0, 0, 0, 0, 10000, 0, 1136172, 'Company''s contribution'),
(437, '2003-06-10', 0, 0, 0, 0, 0, 0, 250000, 886172, 'Loan to Mr. Adeyemi Adebayo'),
(438, '2003-06-10', 0, 0, 25500, 0, 0, 0, 0, 911672, '-'),
(439, '2003-06-10', 0, 0, 0, 0, 0, 25500, 0, 886172, 'To Cash'),
(440, '2003-06-17', 5400, 0, 185000, 0, 0, 0, 0, 1076572, '-'),
(441, '2003-06-17', 0, 0, 0, 0, 0, 4000, 0, 1072572, 'Company''s contribution'),
(442, '2003-06-24', 9600, 0, 150500, 0, 0, 0, 0, 1232572, '-'),
(443, '2003-06-24', 0, 0, 0, 0, 0, 4000, 0, 1228672, 'Company''s contribution'),
(444, '2003-06-24', 0, 0, 0, 0, 0, 0, 700000, 528672, 'Loan to Mr. Adefaye Felix'),
(445, '2003-07-01', 6200, 0, 84000, 0, 0, 0, 0, 618872, '-'),
(446, '2003-07-01', 0, 0, 0, 0, 0, 4000, 0, 614872, 'Company''s contribution'),
(447, '2003-07-01', 0, 0, 46500, 0, 0, 0, 0, 661372, '-'),
(448, '2003-07-08', 29300, 0, 100000, 0, 0, 0, 0, 790672, '-'),
(449, '2003-07-08', 0, 0, 0, 0, 0, 4000, 0, 786672, 'Company''s contribution'),
(450, '2003-07-08', 0, 0, 0, 0, 0, 0, 300000, 486672, 'Loan to Mr. Samuel Olaniyi'),
(451, '2003-07-15', 6500, 0, 134200, 0, 0, 0, 0, 627372, '-'),
(452, '2003-07-15', 0, 0, 0, 0, 0, 4000, 0, 623372, 'Company''s contribution'),
(453, '2003-07-22', 19300, 0, 147500, 0, 0, 0, 0, 790172, '-'),
(454, '2003-07-22', 0, 0, 0, 0, 0, 4000, 0, 786172, 'Company''s contribution'),
(455, '2003-07-29', 35600, 0, 85000, 0, 0, 0, 0, 906772, '-'),
(456, '2003-07-29', 0, 0, 0, 0, 0, 4000, 0, 902772, 'Company''s contribution'),
(457, '2003-08-05', 6400, 0, 134500, 0, 0, 0, 0, 1043672, '-'),
(458, '2003-08-05', 0, 0, 0, 0, 0, 4000, 0, 1039672, 'Company''s contribution'),
(459, '2003-08-12', 4800, 0, 101500, 0, 0, 0, 0, 1145972, '-'),
(460, '2003-08-12', 0, 0, 0, 0, 0, 0, 0, 1141972, 'Company''s contribution'),
(461, '2003-08-19', 6600, 0, 112500, 0, 0, 0, 0, 1261072, '-'),
(462, '2003-08-19', 0, 0, 0, 0, 0, 4000, 0, 1257072, 'Company''s contribution'),
(463, '2003-08-19', 0, 0, 0, 0, 0, 0, 200000, 1057072, 'Loan to Mr. Samuel Olatunji'),
(464, '2003-08-26', 8300, 0, 99000, 0, 0, 0, 0, 1164372, '-'),
(465, '2003-08-26', 0, 0, 0, 0, 0, 4000, 0, 1160372, 'Company''s contribution'),
(466, '2003-08-26', 0, 0, 0, 0, 0, 0, 600000, 560372, 'Loan to Mr. Odeyemi Kehinde'),
(467, '2003-08-26', 0, 0, 0, 0, 0, 0, 300000, 260372, 'Loan to Mr. Dayo Ajayi'),
(468, '2003-09-02', 6700, 0, 150500, 0, 0, 0, 0, 417572, '-'),
(469, '2003-09-02', 0, 0, 0, 0, 0, 4000, 0, 413572, 'Company''s contribution'),
(470, '2003-09-09', 10270, 0, 85500, 0, 0, 0, 0, 509342, '-'),
(471, '2003-09-09', 0, 0, 0, 0, 0, 4000, 0, 505342, 'Company''s contribution'),
(472, '2003-09-16', 4900, 0, 103500, 0, 0, 0, 0, 613742, '-'),
(473, '2003-09-16', 0, 0, 0, 0, 0, 4000, 0, 609742, 'Company contribution'),
(474, '2003-09-16', 0, 0, 0, 0, 0, 0, 400000, 209742, 'Loan to Mr. Ola Kehinde'),
(475, '2003-09-23', 6700, 0, 122000, 0, 0, 0, 0, 338442, '-'),
(476, '2003-09-23', 0, 0, 0, 0, 0, 4000, 0, 334442, 'Company''s contribution'),
(477, '2003-09-30', 6650, 0, 105000, 0, 0, 0, 0, 446092, '-'),
(478, '2003-09-30', 0, 0, 0, 0, 0, 4000, 0, 442092, 'Company''s contribution'),
(479, '2003-09-30', 15000, 0, 0, 0, 0, 0, 0, 457092, '-'),
(480, '2003-10-07', 15900, 15000, 409000, 0, 0, 0, 0, 896992, '-'),
(481, '2003-10-07', 0, 0, 0, 0, 0, 4000, 0, 892992, 'Company''s contribution'),
(482, '2003-10-14', 9700, 0, 182000, 0, 0, 0, 0, 1084692, '-'),
(483, '2003-10-14', 0, 0, 0, 0, 0, 4000, 0, 1080692, 'Company''s contribution'),
(484, '2003-10-14', 0, 0, 500, 0, 0, 0, 0, 1081192, '-'),
(485, '2003-10-21', 8800, 0, 132500, 0, 0, 0, 0, 1222492, '-'),
(486, '2003-10-21', 0, 0, 0, 0, 0, 4000, 0, 1218492, 'Company''s contribution'),
(487, '2003-10-28', 8800, 0, 83000, 0, 0, 0, 0, 1310292, '-'),
(488, '2003-10-28', 0, 0, 0, 0, 0, 4000, 0, 1306292, 'Company''s contribution'),
(489, '2003-10-28', 0, 0, 0, 0, 0, 0, 700000, 606292, 'Loan to Mr. Adisa Emmanuel'),
(490, '2003-10-28', 0, 0, 0, 0, 0, 0, 300000, 306292, 'Loan to Mr. Adebisi Sunday'),
(491, '2003-10-28', 0, 0, 0, 0, 0, 140000, 0, 166292, 'Payment for the planks'),
(492, '2003-11-04', 26000, 0, 77500, 0, 0, 0, 0, 269792, '-'),
(493, '2003-11-04', 0, 0, 0, 0, 0, 4000, 0, 265792, 'Company''s contribution'),
(494, '2003-11-04', 0, 0, 0, 0, 0, 60000, 0, 205792, 'Committee Bonus'),
(495, '2003-11-11', 41000, 0, 169500, 0, 0, 0, 0, 416292, '-'),
(496, '2003-11-11', 0, 0, 0, 0, 0, 4000, 0, 412292, 'Company''s contribution'),
(497, '2003-11-11', 0, 0, 0, 0, 0, 0, 300000, 112292, 'Loan to Mr. Ayo Babatunde'),
(498, '2003-11-18', 8200, 0, 93000, 0, 0, 0, 0, 213492, '-'),
(499, '2003-11-18', 0, 0, 0, 0, 0, 4000, 0, 209492, 'Company''s contribution'),
(500, '2003-11-25', 5710, 0, 155500, 0, 0, 0, 0, 370702, '-'),
(501, '2003-11-25', 0, 0, 0, 0, 0, 4000, 0, 366702, 'Company''s contribution'),
(502, '2003-12-02', 6800, 0, 138000, 0, 0, 0, 0, 511502, '-'),
(503, '2003-12-02', 0, 0, 0, 0, 0, 4000, 0, 507502, 'Company''s contribution'),
(504, '2003-12-02', 0, 0, 0, 0, 0, 0, 210000, 297502, 'Loan to Mr. Adeyemi Adebayo'),
(505, '2003-12-09', 11000, 0, 132500, 0, 0, 0, 0, 441002, '-'),
(506, '2003-12-09', 0, 0, 0, 0, 0, 4000, 0, 437002, 'Company''s contribution'),
(507, '2003-12-16', 13100, 0, 85000, 0, 0, 0, 0, 535102, '-'),
(508, '2003-12-16', 0, 0, 0, 0, 0, 4000, 0, 531102, 'Company''s contribution'),
(509, '2003-12-16', 0, 0, 0, 0, 0, 0, 200000, 331102, 'Loan to Mr. Samuel Olatunji'),
(510, '2003-12-23', 20500, 0, 157000, 0, 0, 0, 0, 508602, '-'),
(511, '2003-12-23', 0, 0, 0, 0, 0, 4000, 0, 504602, 'Company''s contribution'),
(512, '2003-12-30', 14100, 0, 139000, 0, 0, 0, 0, 657702, '-'),
(513, '2003-12-30', 0, 0, 0, 0, 0, 4000, 0, 653702, 'Company''s contribution'),
(514, '2004-01-06', 94950, 0, 184500, 0, 0, 0, 0, 933152, '-'),
(515, '2004-01-06', 0, 0, 0, 0, 0, 4000, 0, 929152, 'Company''s contribution'),
(516, '2004-01-06', 0, 0, 0, 0, 0, 0, 300000, 629152, 'Loan to Mr. Matthew Ajadi'),
(517, '2004-01-13', 7200, 0, 83500, 0, 0, 0, 0, 719852, '-'),
(518, '2004-01-13', 0, 0, 0, 0, 0, 4000, 0, 715852, 'Company''s contribution'),
(519, '2004-01-20', 30700, 0, 206500, 0, 0, 0, 0, 958922, '-'),
(520, '2004-01-20', 0, 0, 0, 0, 0, 5000, 0, 953922, 'Company''s contribution'),
(521, '2004-01-27', 20550, 0, 51000, 0, 0, 5570, 0, 1031042, '-'),
(522, '2004-01-27', 0, 0, 0, 0, 0, 4000, 0, 1027042, 'Company''s contribution'),
(523, '2004-01-27', 0, 0, 0, 0, 0, 0, 200000, 827042, 'Loan to Mr. Adebisi Sunday'),
(524, '2004-01-27', 0, 0, 0, 0, 0, 0, 100000, 727042, 'Loan to Mr. Isaiah Adeagbo'),
(525, '2004-02-03', 16900, 0, 173000, 0, 0, 0, 0, 927812, '-'),
(526, '2004-02-03', 0, 0, 0, 0, 0, 3000, 0, 924812, 'Company''s contribution'),
(527, '2004-02-10', 18400, 0, 132000, 0, 0, 0, 0, 1080782, '-'),
(528, '2004-02-10', 0, 0, 0, 0, 0, 4000, 0, 1076782, 'Company''s contribution'),
(529, '2004-02-10', 0, 0, 0, 0, 0, 170000, 0, 906782, 'Construction of company''s shop'),
(530, '2004-02-17', 17800, 0, 160000, 0, 0, 0, 0, 1094412, '-'),
(531, '2004-02-17', 0, 0, 0, 0, 0, 4000, 0, 1094412, 'Company''s contribution'),
(532, '2004-02-24', 14700, 0, 136500, 0, 0, 0, 0, 1247932, '-'),
(533, '2004-02-24', 0, 0, 0, 0, 0, 4000, 0, 1243932, 'Company''s contribution'),
(534, '2004-03-02', 31600, 0, 155000, 0, 0, 0, 0, 1436577, '-'),
(535, '2004-03-02', 0, 0, 0, 0, 0, 4000, 0, 1432577, 'Company''s contribution'),
(536, '2004-03-02', 0, 0, 0, 0, 0, 0, 900000, 532577, 'Loan to Mr. Akinsola Seidu'),
(537, '2004-03-02', 0, 0, 0, 0, 0, 0, 150000, 382577, 'Loan to Mr. Akintola Jacob'),
(538, '2004-03-02', 5000, 0, 0, 0, 0, 0, 0, 387577, '-'),
(539, '2004-03-09', 31100, 0, 49500, 0, 0, 0, 0, 533757, '-'),
(540, '2004-03-16', 40500, 0, 205280, 0, 0, 0, 0, 779607, '-'),
(541, '2004-03-16', 0, 0, 0, 0, 0, 4000, 0, 775607, 'Company''s contribution'),
(542, '2004-03-16', 0, 0, 0, 0, 0, 4000, 0, 771607, 'Company''s contribution'),
(543, '2004-03-23', 15700, 0, 106500, 0, 0, 0, 0, 899027, '-'),
(544, '2004-03-23', 0, 0, 0, 0, 0, 4000, 0, 895027, 'Company''s contribution'),
(545, '2004-03-23', 0, 0, 0, 0, 0, 0, 0, 895277, '-'),
(546, '2004-03-23', 0, 0, 0, 0, 0, 0, 150000, 745277, 'Loan to Mr. Ayinde Yusuf'),
(547, '2004-03-30', 21800, 0, 103500, 0, 0, 0, 0, 870947, '-'),
(548, '2004-03-30', 0, 0, 0, 0, 0, 4000, 0, 866947, 'Company''s contribution'),
(549, '2004-03-30', 0, 0, 0, 0, 0, 0, 0, 868047, '-'),
(550, '2004-04-06', 12010, 0, 89000, 0, 0, 0, 0, 970467, '-'),
(551, '2004-04-06', 0, 0, 0, 0, 0, 4000, 0, 966467, 'Company''s contribution'),
(552, '2004-04-06', 0, 0, 0, 0, 0, 0, 450000, 516467, 'Loan to Mr. Joshua Ajadi'),
(553, '2004-04-13', 9600, 0, 130000, 0, 0, 0, 0, 659337, '-'),
(554, '2004-04-13', 0, 0, 0, 0, 0, 4000, 0, 655337, 'Company''s contribution'),
(555, '2004-04-20', 13000, 0, 265000, 0, 0, 0, 0, 943047, '-'),
(556, '2004-04-20', 0, 0, 0, 0, 0, 0, 0, 939047, 'Company''s contribution'),
(557, '2004-04-20', 0, 0, 0, 0, 0, 0, 0, 939447, '-'),
(558, '2004-04-27', 41900, 0, 115000, 0, 0, 0, 0, 1098417, '-'),
(559, '2004-04-27', 0, 0, 0, 0, 0, 4000, 0, 1094417, 'Company''s contribution'),
(560, '2004-04-27', 0, 0, 0, 0, 0, 0, 40000, 1054417, 'Loan to Mr. Oluyemi Fasoyin'),
(561, '2004-05-04', 45500, 0, 95000, 0, 0, 0, 0, 1195337, '-'),
(562, '2004-05-04', 0, 0, 0, 0, 0, 4000, 0, 1191337, 'Company''s contribution'),
(563, '2004-05-04', 0, 0, 0, 0, 0, 0, 600000, 591337, 'Loan to Mr. David Ajadi'),
(564, '2004-05-04', 0, 0, 0, 0, 0, 0, 0, 591537, '-'),
(565, '2004-05-11', 11100, 0, 131000, 0, 0, 0, 0, 739357, '-'),
(566, '2004-05-11', 0, 0, 0, 0, 0, 4000, 0, 735357, 'Company''s contribution'),
(567, '2004-05-11', 0, 0, 0, 0, 0, 0, 400000, 335357, 'Loan to Mr. Isaiah Adeagbo'),
(568, '2004-05-18', 14000, 0, 131000, 0, 0, 0, 0, 485677, '-'),
(569, '2004-05-18', 0, 0, 0, 0, 0, 4000, 0, 481677, 'Company''s contribution'),
(570, '2004-05-25', 12800, 0, 281000, 0, 0, 0, 0, 775497, '-'),
(571, '2004-05-25', 0, 0, 0, 0, 0, 4000, 0, 771497, 'Company''s contribution'),
(572, '2004-06-01', 10300, 0, 89000, 0, 0, 0, 0, 871337, '-'),
(573, '2004-06-01', 0, 0, 0, 0, 0, 4000, 0, 867337, 'Company''s contribution'),
(574, '2004-06-01', 0, 0, 0, 0, 0, 0, 350000, 517337, 'Loan to Mr. Hamed Akanji'),
(575, '2004-06-01', 0, 0, 0, 0, 0, 0, 200000, 317337, 'Loan to Mr. Rafiu Adebayo'),
(576, '2004-06-08', 6500, 0, 117500, 0, 0, 0, 0, 451907, '-'),
(577, '2004-06-08', 0, 0, 0, 0, 0, 4000, 0, 447907, 'Company''s contribution'),
(578, '2004-06-08', 0, 0, 3000, 0, 0, 0, 0, 451507, '-'),
(579, '2004-06-15', 5900, 0, 99000, 0, 0, 5770, 0, 562177, '-'),
(580, '2004-06-15', 0, 0, 0, 0, 0, 4000, 0, 558177, 'Company''s contribution'),
(581, '2004-06-22', 6000, 0, 116000, 0, 0, 0, 0, 682547, '-'),
(582, '2004-06-22', 0, 0, 0, 0, 0, 1000, 0, 681547, 'Gift to Nasfat'),
(583, '2004-06-22', 0, 0, 0, 0, 0, 4000, 0, 677547, 'Company''s contribution'),
(584, '2004-06-29', 4700, 0, 78000, 0, 0, 0, 0, 760667, '-'),
(585, '2004-06-29', 0, 0, 0, 0, 0, 4000, 0, 756667, 'Company''s contribution'),
(586, '2004-07-06', 11900, 0, 104000, 0, 0, 0, 0, 880187, '-'),
(587, '2004-07-06', 0, 0, 0, 0, 0, 4000, 0, 876187, 'Company''s contribution'),
(588, '2004-07-06', 600, 0, 0, 0, 0, 0, 0, 876887, '-'),
(589, '2004-07-13', 47900, 0, 111000, 0, 0, 0, 0, 1040157, '-'),
(590, '2004-07-13', 0, 0, 0, 0, 0, 4000, 0, 1036157, 'Company''s contribution'),
(591, '2004-07-13', 0, 0, 0, 0, 0, 0, 700000, 336157, 'Loan to Mr. Adesiyan Kayode'),
(592, '2004-07-20', 45100, 0, 80000, 0, 0, 0, 0, 461577, '-'),
(593, '2004-07-20', 0, 0, 0, 0, 0, 4000, 0, 457577, 'Company''s contribution'),
(594, '2004-07-27', 35010, 0, 140000, 0, 0, 0, 0, 635957, '-'),
(595, '2004-07-27', 0, 0, 0, 0, 0, 4000, 0, 631957, 'Company''s contribution'),
(596, '2004-08-03', 59700, 0, 83570, 0, 0, 0, 0, 785127, '-'),
(597, '2004-08-03', 0, 0, 0, 0, 0, 4000, 0, 779127, 'Company''s contribution'),
(598, '2004-08-03', 0, 0, 0, 0, 0, 0, 750000, 29127, 'Loan to Mr. Nathaniel Oluwadare'),
(599, '2004-08-10', 3300, 0, 97000, 0, 0, 0, 0, 129667, '-'),
(600, '2004-08-10', 0, 0, 0, 0, 0, 4000, 0, 125667, 'Company''s contribution'),
(601, '2004-08-17', 4700, 0, 65000, 0, 0, 0, 0, 195587, '-'),
(602, '2004-08-17', 0, 0, 0, 0, 0, 4000, 0, 191587, 'Company''s contribution'),
(603, '2004-08-17', 0, 0, 0, 0, 0, 0, 0, 194087, '-'),
(604, '2004-08-17', 0, 0, 0, 0, 0, 0, 100000, 94087, 'Loan to Mr. Rafiu Adesiyan'),
(605, '2004-08-17', 0, 0, 0, 0, 0, 0, 0, 94187, '-'),
(606, '2004-08-24', 4900, 0, 199000, 0, 0, 0, 0, 308407, '-'),
(607, '2004-08-24', 0, 0, 0, 0, 0, 4000, 0, 304407, 'Company''s contribution'),
(608, '2004-08-31', 3900, 0, 46500, 0, 0, 0, 0, 424807, '-'),
(609, '2004-08-31', 0, 0, 0, 0, 0, 4000, 0, 420807, 'Company''s contribution'),
(610, '2004-09-07', 4600, 0, 122000, 0, 0, 0, 0, 556157, '-'),
(611, '2004-09-14', 22500, 15000, 134500, 0, 0, 0, 0, 729837, '-'),
(612, '2004-09-14', 0, 0, 0, 0, 0, 4000, 0, 725837, 'Company''s contribution'),
(613, '2004-09-21', 8600, 0, 104000, 0, 0, 0, 0, 843487, '-'),
(614, '2004-09-21', 0, 0, 0, 0, 0, 8000, 0, 835487, 'Company''s contribution'),
(615, '2005-09-28', 646736, 0, 2147483647, 0, 0, 0, 0, 963937, 'good'),
(616, '2004-09-28', 0, 0, 0, 0, 0, 4000, 0, 959937, 'Company''s contribution'),
(617, '2019-02-28', 2000, 2000, 2000, 2000, 2000, 2000, 2000, 2000, 'Good boy'),
(618, '2019-12-03', 4000, 4000, 4000, 4000, 4000, 4000, 4000, 4000, 'New entry added'),
(619, '2019-02-03', 120, 120, 120, 120, 120, 120, 120, 120, 'Just 120');

-- --------------------------------------------------------

--
-- Table structure for table `instalment`
--

CREATE TABLE `instalment` (
  `id` int(11) NOT NULL,
  `nameofhirer` text NOT NULL,
  `baldue` int(11) NOT NULL,
  `date` date NOT NULL,
  `particulars` varchar(200) NOT NULL,
  `amountpaid` int(11) NOT NULL,
  `amountbalance` int(11) NOT NULL
) ENGINE=InnoDB DEFAULT CHARSET=latin1;

-- --------------------------------------------------------

--
-- Table structure for table `members`
--

CREATE TABLE `members` (
  `id` int(11) NOT NULL,
  `name` text NOT NULL,
  `accountnumber` int(11) NOT NULL
) ENGINE=InnoDB DEFAULT CHARSET=latin1;

--
-- Dumping data for table `members`
--

INSERT INTO `members` (`id`, `name`, `accountnumber`) VALUES
(1, 'S. A. Emmanuel', 1),
(2, 'Adelani Taofeek', 2),
(3, 'Odeyemi Kehinde', 3),
(4, 'Akinjare Jacob', 4),
(5, 'Ola Kehinde', 5),
(6, 'Samuel Olatunji', 6),
(7, 'Elijah Popoola', 7),
(8, 'Adebisi Sunday', 8),
(9, 'David Ajadi', 9),
(10, 'Adegbite Adebayo', 10),
(11, 'Adewale Isiaka', 13),
(12, 'Isaiah Adeagbo', 15),
(13, 'Musiliu Olunlade', 16),
(14, 'Olawale Sunday', 17),
(15, 'Adisa Emmanuel', 18),
(16, 'Adesiyan Kayode', 19),
(17, 'Joshua Ajadi', 20),
(18, 'Olayinka Olarewaju', 21),
(19, 'Hammed Akanji', 22),
(20, 'Adeleke Adebisi', 23),
(21, 'Adekola Adeosun', 24),
(22, 'Sunday Oyemomilara', 26),
(23, 'Gberelaye Mudasiru', 28),
(24, 'Akanmu Gafar', 29),
(25, 'Mathew Ajadi', 30),
(26, 'Owolabi Lere', 31),
(27, 'Adefaye Felix', 32),
(28, 'Dayo Ajayi', 34),
(29, 'Babatunde Ayodele', 36),
(30, 'Akintola Jacob', 37),
(31, 'Nathaniel Oluwadare', 38),
(32, 'Ayinde Yussuf', 39),
(33, 'David Akinyemi', 40),
(34, 'Raufu Lukman', 41),
(35, 'Lukman Oyewole', 43),
(36, 'Basiru Siyanbola', 45),
(37, 'Rafiu Adesiyan', 46),
(38, 'Rafiu Adebajo', 47),
(39, 'Oluyemi Fasoyin', 48),
(40, 'Akinsola Saheed', 49),
(41, 'Adekanmi Kazeem', 50),
(42, 'Oladokun Banjo', 52),
(43, 'Adebayo Waheed', 54),
(44, 'Odeyemi Solomon', 55),
(45, 'Dada Jide', 56),
(46, 'Ayoola Oyewole', 57),
(47, 'Oluwole Oyemomilara', 59),
(48, 'Alabi Sunday', 60),
(49, 'Lukman Ajibade', 61),
(50, 'Mufutau Ajadi', 63),
(51, 'Odewale Azeez', 64),
(52, 'Olarewaju Kabiru', 65),
(53, 'Timothy Olarewaju', 66),
(54, 'Jimoh Lukman', 67),
(55, 'Asimiyu Afolabi', 68),
(56, 'Oluwaponmile Oladepo', 69),
(57, 'Ajayi Moses', 70),
(58, 'Adewole Meshack', 71),
(59, 'Rauf Kehinde', 72),
(60, 'Ola Busuyi', 73),
(61, 'Agboola Joel', 74),
(62, 'Odetunde Abraham', 75),
(63, 'Adeyemi Oluwaseun', 76),
(64, 'Hammed Ismail', 77),
(65, 'Olarewaju Babalola', 78),
(66, 'Odumuyiwa Kunle', 79),
(67, 'Aworinde Wasiu', 80),
(68, 'Adeyemo Tajudeen', 81),
(69, 'Awodele Kolajo', 82),
(70, 'Waheed Rasaq', 83),
(71, 'Azeez Ajao', 84),
(72, 'Afolabi Elijah', 85);

-- --------------------------------------------------------

--
-- Table structure for table `savings`
--

CREATE TABLE `savings` (
  `id` int(11) NOT NULL,
  `member_id` int(11) NOT NULL,
  `dates` date NOT NULL,
  `particulars` text NOT NULL,
  `deposit` int(11) NOT NULL,
  `withdrawal` int(11) NOT NULL,
  `balance` int(11) NOT NULL
) ENGINE=InnoDB DEFAULT CHARSET=latin1;

--
-- Dumping data for table `savings`
--

INSERT INTO `savings` (`id`, `member_id`, `dates`, `particulars`, `deposit`, `withdrawal`, `balance`) VALUES
(1, 1, '2019-01-22', 'Balance Brought Forward', 0, 0, 780647),
(2, 2, '2019-01-22', 'Balance Brought Forward', 0, 0, 395033),
(3, 3, '2019-01-22', 'Balance Brought Forward', 0, 0, 825580),
(4, 4, '2019-01-22', 'Balance Brought Forward', 0, 0, 1096300),
(5, 5, '2019-01-22', 'Balance Brought Forward', 0, 0, 906789),
(6, 6, '2019-01-22', 'Balance Brought Forward', 0, 0, 239500),
(7, 7, '2019-01-22', 'Balance Brought Forward', 0, 0, 744125),
(8, 8, '2019-01-22', 'Balance Brought Forward', 0, 0, 673228),
(9, 9, '2019-01-22', 'Balance Brought Forward', 0, 0, 6909),
(10, 10, '2019-01-22', 'Balance Brought Forward', 0, 0, 893851),
(11, 11, '2019-01-22', 'Balance Brought Forward', 0, 0, 62329),
(12, 12, '2019-01-22', 'Balance Brought Forward', 0, 0, 122513),
(13, 13, '2019-01-22', 'Balance Brought Forward', 0, 0, 291650),
(14, 14, '2019-01-22', 'Balance Brought Forward', 0, 0, 713292),
(15, 15, '2019-01-22', 'Balance Brought Forward', 0, 0, 742310),
(16, 16, '2019-01-22', 'Balance Brought Forward', 0, 0, 682449),
(17, 17, '2019-01-22', 'Balance Brought Forward', 0, 0, 440850),
(18, 18, '2019-01-22', 'Balance Brought Forward', 0, 0, 0),
(19, 19, '2019-01-22', 'Balance Brought Forward', 0, 0, 228784),
(20, 20, '2019-01-22', 'Balance Brought Forward', 0, 0, 798743),
(21, 21, '2019-01-22', 'Balance Brought Forward', 0, 0, 573242),
(22, 22, '2019-01-22', 'Balance Brought Forward', 0, 0, 573242),
(23, 23, '2019-01-22', 'Balance Brought Forward', 0, 0, 750034),
(24, 24, '2019-01-22', 'Balance Brought Forward', 0, 0, 335564),
(25, 25, '2019-01-22', 'Balance Brought Forward', 0, 0, 107942),
(26, 26, '2019-01-22', 'Balance Brought Forward', 0, 0, 223845),
(27, 27, '2019-01-22', 'Balance Brought Forward', 0, 0, 671531),
(28, 28, '2019-01-22', 'Balance Brought Forward', 0, 0, 314094),
(29, 29, '2019-01-22', 'Balance Brought Forward', 0, 0, 552131),
(30, 30, '2019-01-22', 'Balance Brought Forward', 0, 0, 270558),
(31, 31, '2019-01-22', 'Balance Brought Forward', 0, 0, 345530),
(32, 32, '2019-01-22', 'Balance Brought Forward', 0, 0, 80407),
(33, 33, '2019-01-22', 'Balance Brought Forward', 0, 0, 13966),
(34, 34, '2019-01-22', 'Balance Brought Forward', 0, 0, 484553),
(35, 35, '2019-01-22', 'Balance Brought Forward', 0, 0, 260186),
(36, 36, '2019-01-22', 'Balance Brought Forward', 0, 0, 261413),
(37, 37, '2019-01-22', 'Balance Brought Forward', 0, 0, 437340),
(38, 38, '2019-01-22', 'Balance Brought Forward', 0, 0, 718890),
(39, 39, '2019-01-22', 'Balance Brought Forward', 0, 0, 62916),
(40, 40, '2019-01-22', 'Balance Brought Forward', 0, 0, 738662),
(41, 41, '2019-01-22', 'Balance Brought Forward', 0, 0, 792881),
(42, 42, '2019-01-22', 'Balance Brought Forward', 0, 0, 606006),
(43, 43, '2019-01-22', 'Balance Brought Forward', 0, 0, 438934),
(44, 44, '2019-01-22', 'Balance Brought Forward', 0, 0, 540373),
(45, 45, '2019-01-22', 'Balance Brought Forward', 0, 0, 644),
(46, 46, '2019-01-22', 'Balance Brought Forward', 0, 0, 233715),
(47, 47, '2019-01-22', 'Balance Brought Forward', 0, 0, 293659),
(48, 48, '2019-01-22', 'Balance Brought Forward', 0, 0, 453765),
(49, 49, '2019-01-22', 'Balance Brought Forward', 0, 0, 56318),
(50, 50, '2019-01-22', 'Balance Brought Forward', 0, 0, 283132),
(51, 51, '2019-01-22', 'Balance Brought Forward', 0, 0, 233013),
(52, 52, '2019-01-22', 'Balance Brought Forward', 0, 0, 1998),
(53, 53, '2019-01-22', 'Balance Brought Forward', 0, 0, 778544),
(54, 54, '2019-01-22', 'Balance Brought Forward', 0, 0, 402686),
(55, 55, '2019-01-22', 'Balance Brought Forward', 0, 0, 109199),
(56, 56, '2019-01-22', 'Balance Brought Forward', 0, 0, 429488),
(57, 57, '2019-01-22', 'Balance Brought Forward', 0, 0, 748003),
(58, 58, '2019-01-22', 'Balance Brought Forward', 0, 0, 302912),
(59, 59, '2019-01-22', 'Balance Brought Forward', 0, 0, 137105),
(60, 60, '2019-01-22', 'Balance Brought Forward', 0, 0, 236000),
(61, 61, '2019-01-22', 'Balance Brought Forward', 0, 0, 210000),
(62, 62, '2019-01-22', 'Balance Brought Forward', 0, 0, 334000),
(63, 63, '2019-01-22', 'Balance Brought Forward', 0, 0, 339500),
(64, 64, '2019-01-22', 'Balance Brought Forward', 0, 0, 355000),
(65, 65, '2019-01-22', 'Balance Brought Forward', 0, 0, 66000),
(66, 66, '2019-01-22', 'Balance Brought Forward', 0, 0, 16500),
(67, 67, '2019-01-22', 'Balance Brought Forward', 0, 0, 60000),
(68, 68, '2019-01-22', 'Balance Brought Forward', 0, 0, 36000),
(69, 69, '2019-01-22', 'Balance Brought Forward', 0, 0, 204500),
(70, 70, '2019-01-22', 'Balance Brought Forward', 0, 0, 16500),
(71, 71, '2019-01-22', 'Balance Brought Forward', 0, 0, 65000),
(72, 72, '2019-01-22', 'Balance Brought Forward', 0, 0, 46000),
(73, 1, '2019-01-22', 'Balance Brought Forward', 0, 0, 201),
(74, 2, '2019-01-22', 'Balance Brought Forward', 0, 0, 202),
(75, 3, '2019-01-22', 'Balance Brought Forward', 0, 0, 203),
(76, 4, '2019-01-22', 'Balance Brought Forward', 0, 0, 204),
(77, 5, '2019-01-22', 'Balance Brought Forward', 0, 0, 205),
(78, 6, '2019-01-22', 'Balance Brought Forward', 0, 0, 206),
(79, 7, '2019-01-22', 'Balance Brought Forward', 0, 0, 207),
(80, 8, '2019-01-22', 'Balance Brought Forward', 0, 0, 208),
(81, 9, '2019-01-22', 'Balance Brought Forward', 0, 0, 209),
(82, 10, '2019-01-22', 'Balance Brought Forward', 0, 0, 210),
(83, 11, '2019-01-22', 'Balance Brought Forward', 0, 0, 211),
(84, 12, '2019-01-22', 'Balance Brought Forward', 0, 0, 212),
(85, 13, '2019-01-22', 'Balance Brought Forward', 0, 0, 213),
(86, 14, '2019-01-22', 'Balance Brought Forward', 0, 0, 214),
(87, 15, '2019-01-22', 'Balance Brought Forward', 0, 0, 215),
(88, 16, '2019-01-22', 'Balance Brought Forward', 0, 0, 216),
(89, 17, '2019-01-22', 'Balance Brought Forward', 0, 0, 217),
(90, 18, '2019-01-22', 'Balance Brought Forward', 0, 0, 218),
(91, 19, '2019-01-22', 'Balance Brought Forward', 0, 0, 219),
(92, 20, '2019-01-22', 'Balance Brought Forward', 0, 0, 220),
(93, 21, '2019-01-22', 'Balance Brought Forward', 0, 0, 221),
(94, 22, '2019-01-22', 'Balance Brought Forward', 0, 0, 222),
(95, 23, '2019-01-22', 'Balance Brought Forward', 0, 0, 223),
(96, 24, '2019-01-22', 'Balance Brought Forward', 0, 0, 224),
(97, 25, '2019-01-22', 'Balance Brought Forward', 0, 0, 225),
(98, 26, '2019-01-22', 'Balance Brought Forward', 0, 0, 226),
(99, 27, '2019-01-22', 'Balance Brought Forward', 0, 0, 227),
(100, 28, '2019-01-22', 'Balance Brought Forward', 0, 0, 228),
(101, 29, '2019-01-22', 'Balance Brought Forward', 0, 0, 229),
(102, 30, '2019-01-22', 'Balance Brought Forward', 0, 0, 230),
(103, 31, '2019-01-22', 'Balance Brought Forward', 0, 0, 231),
(104, 32, '2019-01-22', 'Balance Brought Forward', 0, 0, 232),
(105, 33, '2019-01-22', 'Balance Brought Forward', 0, 0, 233),
(106, 34, '2019-01-22', 'Balance Brought Forward', 0, 0, 234),
(107, 35, '2019-01-22', 'Balance Brought Forward', 0, 0, 235),
(108, 36, '2019-01-22', 'Balance Brought Forward', 0, 0, 236),
(109, 37, '2019-01-22', 'Balance Brought Forward', 0, 0, 237),
(110, 38, '2019-01-22', 'Balance Brought Forward', 0, 0, 238),
(111, 39, '2019-01-22', 'Balance Brought Forward', 0, 0, 239),
(112, 40, '2019-01-22', 'Balance Brought Forward', 0, 0, 240),
(113, 41, '2019-01-22', 'Balance Brought Forward', 0, 0, 241),
(114, 42, '2019-01-22', 'Balance Brought Forward', 0, 0, 242),
(115, 43, '2019-01-22', 'Balance Brought Forward', 0, 0, 243),
(116, 44, '2019-01-22', 'Balance Brought Forward', 0, 0, 244),
(117, 45, '2019-01-22', 'Balance Brought Forward', 0, 0, 245),
(118, 46, '2019-01-22', 'Balance Brought Forward', 0, 0, 246),
(119, 47, '2019-01-22', 'Balance Brought Forward', 0, 0, 247),
(120, 48, '2019-01-22', 'Balance Brought Forward', 0, 0, 248),
(121, 49, '2019-01-22', 'Balance Brought Forward', 0, 0, 249),
(122, 50, '2019-01-22', 'Balance Brought Forward', 0, 0, 250),
(123, 51, '2019-01-22', 'Balance Brought Forward', 0, 0, 251),
(124, 52, '2019-01-22', 'Balance Brought Forward', 0, 0, 252),
(125, 53, '2019-01-22', 'Balance Brought Forward', 0, 0, 253),
(126, 54, '2019-01-22', 'Balance Brought Forward', 0, 0, 254),
(127, 55, '2019-01-22', 'Balance Brought Forward', 0, 0, 255),
(128, 56, '2019-01-22', 'Balance Brought Forward', 0, 0, 256),
(129, 57, '2019-01-22', 'Balance Brought Forward', 0, 0, 257),
(130, 58, '2019-01-22', 'Balance Brought Forward', 0, 0, 258),
(131, 59, '2019-01-22', 'Balance Brought Forward', 0, 0, 259),
(132, 60, '2019-01-22', 'Balance Brought Forward', 0, 0, 260),
(133, 61, '2019-01-22', 'Balance Brought Forward', 0, 0, 261),
(134, 62, '2019-01-22', 'Balance Brought Forward', 0, 0, 262),
(135, 63, '2019-01-22', 'Balance Brought Forward', 0, 0, 263),
(136, 64, '2019-01-22', 'Balance Brought Forward', 0, 0, 264),
(137, 65, '2019-01-22', 'Balance Brought Forward', 0, 0, 265),
(138, 66, '2019-01-22', 'Balance Brought Forward', 0, 0, 266),
(139, 67, '2019-01-22', 'Balance Brought Forward', 0, 0, 267),
(140, 68, '2019-01-22', 'Balance Brought Forward', 0, 0, 268),
(141, 69, '2019-01-22', 'Balance Brought Forward', 0, 0, 269),
(142, 70, '2019-01-22', 'Balance Brought Forward', 0, 0, 270),
(143, 71, '2019-01-22', 'Balance Brought Forward', 0, 0, 271),
(144, 72, '2019-01-22', 'Balance Brought Forward', 0, 0, 272);

--
-- Indexes for dumped tables
--

--
-- Indexes for table `admininfo`
--
ALTER TABLE `admininfo`
  ADD PRIMARY KEY (`id`);

--
-- Indexes for table `balances`
--
ALTER TABLE `balances`
  ADD PRIMARY KEY (`id`);

--
-- Indexes for table `instalment`
--
ALTER TABLE `instalment`
  ADD PRIMARY KEY (`id`);

--
-- Indexes for table `members`
--
ALTER TABLE `members`
  ADD PRIMARY KEY (`id`);

--
-- Indexes for table `savings`
--
ALTER TABLE `savings`
  ADD PRIMARY KEY (`id`);

--
-- AUTO_INCREMENT for dumped tables
--

--
-- AUTO_INCREMENT for table `admininfo`
--
ALTER TABLE `admininfo`
  MODIFY `id` int(11) NOT NULL AUTO_INCREMENT;
--
-- AUTO_INCREMENT for table `balances`
--
ALTER TABLE `balances`
  MODIFY `id` int(11) NOT NULL AUTO_INCREMENT, AUTO_INCREMENT=620;
--
-- AUTO_INCREMENT for table `instalment`
--
ALTER TABLE `instalment`
  MODIFY `id` int(11) NOT NULL AUTO_INCREMENT;
--
-- AUTO_INCREMENT for table `members`
--
ALTER TABLE `members`
  MODIFY `id` int(11) NOT NULL AUTO_INCREMENT, AUTO_INCREMENT=73;
--
-- AUTO_INCREMENT for table `savings`
--
ALTER TABLE `savings`
  MODIFY `id` int(11) NOT NULL AUTO_INCREMENT, AUTO_INCREMENT=145;
/*!40101 SET CHARACTER_SET_CLIENT=@OLD_CHARACTER_SET_CLIENT */;
/*!40101 SET CHARACTER_SET_RESULTS=@OLD_CHARACTER_SET_RESULTS */;
/*!40101 SET COLLATION_CONNECTION=@OLD_COLLATION_CONNECTION */;
